,Country,Region,Year,Happiness_rank,Happiness_score,GDP_capita,Social_support,Life_expectancy,Freedom,Generosity,Corruption_perception
0,Finland,Western Europe,2019,1,7.769,1.34,1.587,0.986,0.596,0.153,0.393
1,Denmark,Western Europe,2019,2,7.6,1.383,1.573,0.996,0.592,0.252,0.41
2,Norway,Western Europe,2019,3,7.554,1.488,1.582,1.028,0.603,0.271,0.341
3,Iceland,Western Europe,2019,4,7.494,1.38,1.624,1.026,0.591,0.354,0.118
4,Netherlands,Western Europe,2019,5,7.488,1.396,1.522,0.999,0.557,0.322,0.298
5,Switzerland,Western Europe,2019,6,7.48,1.452,1.526,1.052,0.572,0.263,0.343
6,Sweden,Western Europe,2019,7,7.343,1.387,1.487,1.009,0.574,0.267,0.373
7,New Zealand,North America and ANZ,2019,8,7.307,1.303,1.557,1.026,0.585,0.33,0.38
8,Canada,North America and ANZ,2019,9,7.278,1.365,1.505,1.039,0.584,0.285,0.308
9,Austria,Western Europe,2019,10,7.246,1.376,1.475,1.016,0.532,0.244,0.226
10,Australia,North America and ANZ,2019,11,7.228,1.372,1.548,1.036,0.557,0.332,0.29
11,Costa Rica,Latin America and Caribbean,2019,12,7.167,1.034,1.441,0.963,0.558,0.144,0.093
12,Israel,Middle East and North Africa,2019,13,7.139,1.276,1.455,1.029,0.371,0.261,0.082
13,Luxembourg,Western Europe,2019,14,7.09,1.609,1.479,1.012,0.526,0.194,0.316
14,United Kingdom,Western Europe,2019,15,7.054,1.333,1.538,0.996,0.45,0.348,0.278
15,Ireland,Western Europe,2019,16,7.021,1.499,1.553,0.999,0.516,0.298,0.31
16,Germany,Western Europe,2019,17,6.985,1.373,1.454,0.987,0.495,0.261,0.265
17,Belgium,Western Europe,2019,18,6.923,1.356,1.504,0.986,0.473,0.16,0.21
18,United States,North America and ANZ,2019,19,6.892,1.433,1.457,0.874,0.454,0.28,0.128
19,Czech Republic,Central and Eastern Europe,2019,20,6.852,1.269,1.487,0.92,0.457,0.046,0.036
20,United Arab Emirates,Middle East and North Africa,2019,21,6.825,1.503,1.31,0.825,0.598,0.262,0.182
21,Malta,Western Europe,2019,22,6.726,1.3,1.52,0.999,0.564,0.375,0.151
22,Mexico,Latin America and Caribbean,2019,23,6.595,1.07,1.323,0.861,0.433,0.074,0.073
23,France,Western Europe,2019,24,6.592,1.324,1.472,1.045,0.436,0.111,0.183
24,Taiwan,East Asia,2019,25,6.446,1.368,1.43,0.914,0.351,0.242,0.097
25,Chile,Latin America and Caribbean,2019,26,6.444,1.159,1.369,0.92,0.357,0.187,0.056
26,Guatemala,Latin America and Caribbean,2019,27,6.436,0.8,1.269,0.746,0.535,0.175,0.078
27,Saudi Arabia,Middle East and North Africa,2019,28,6.375,1.403,1.357,0.795,0.439,0.08,0.132
28,Qatar,Middle East and North Africa,2019,29,6.374,1.684,1.313,0.871,0.555,0.22,0.167
29,Spain,Western Europe,2019,30,6.354,1.286,1.484,1.062,0.362,0.153,0.079
30,Panama,Latin America and Caribbean,2019,31,6.321,1.149,1.442,0.91,0.516,0.109,0.054
31,Brazil,Latin America and Caribbean,2019,32,6.3,1.004,1.439,0.802,0.39,0.099,0.086
32,Uruguay,Latin America and Caribbean,2019,33,6.293,1.124,1.465,0.891,0.523,0.127,0.15
33,Singapore,Southeast Asia,2019,34,6.262,1.572,1.463,1.141,0.556,0.271,0.453
34,El Salvador,Latin America and Caribbean,2019,35,6.253,0.794,1.242,0.789,0.43,0.093,0.074
35,Italy,Western Europe,2019,36,6.223,1.294,1.488,1.039,0.231,0.158,0.03
36,Bahrain,Middle East and North Africa,2019,37,6.199,1.362,1.368,0.871,0.536,0.255,0.11
37,Slovakia,Central and Eastern Europe,2019,38,6.198,1.246,1.504,0.881,0.334,0.121,0.014
38,Trinidad & Tobago,Latin America and Caribbean,2019,39,6.192,1.231,1.477,0.713,0.489,0.185,0.016
39,Poland,Central and Eastern Europe,2019,40,6.182,1.206,1.438,0.884,0.483,0.117,0.05
40,Uzbekistan,Commonwealth of Independent States,2019,41,6.174,0.745,1.529,0.756,0.631,0.322,0.24
41,Lithuania,Central and Eastern Europe,2019,42,6.149,1.238,1.515,0.818,0.291,0.043,0.042
42,Colombia,Latin America and Caribbean,2019,43,6.125,0.985,1.41,0.841,0.47,0.099,0.034
43,Slovenia,Central and Eastern Europe,2019,44,6.118,1.258,1.523,0.953,0.564,0.144,0.057
44,Nicaragua,Latin America and Caribbean,2019,45,6.105,0.694,1.325,0.835,0.435,0.2,0.127
45,Kosovo,Central and Eastern Europe,2019,46,6.1,0.882,1.232,0.758,0.489,0.262,0.006
46,Argentina,Latin America and Caribbean,2019,47,6.086,1.092,1.432,0.881,0.471,0.066,0.05
47,Romania,Central and Eastern Europe,2019,48,6.07,1.162,1.232,0.825,0.462,0.083,0.005
48,Cyprus,Western Europe,2019,49,6.046,1.263,1.223,1.042,0.406,0.19,0.041
49,Ecuador,Latin America and Caribbean,2019,50,6.028,0.912,1.312,0.868,0.498,0.126,0.087
50,Kuwait,Middle East and North Africa,2019,51,6.021,1.5,1.319,0.808,0.493,0.142,0.097
51,Thailand,Southeast Asia,2019,52,6.008,1.05,1.409,0.828,0.557,0.359,0.028
52,Latvia,Central and Eastern Europe,2019,53,5.94,1.187,1.465,0.812,0.264,0.075,0.064
53,South Korea,East Asia,2019,54,5.895,1.301,1.219,1.036,0.159,0.175,0.056
54,Estonia,Central and Eastern Europe,2019,55,5.893,1.237,1.528,0.874,0.495,0.103,0.161
55,Jamaica,Latin America and Caribbean,2019,56,5.89,0.831,1.478,0.831,0.49,0.107,0.028
56,Mauritius,Sub-Saharan Africa,2019,57,5.888,1.12,1.402,0.798,0.498,0.215,0.06
57,Japan,East Asia,2019,58,5.886,1.327,1.419,1.088,0.445,0.069,0.14
58,Honduras,Latin America and Caribbean,2019,59,5.86,0.642,1.236,0.828,0.507,0.246,0.078
59,Kazakhstan,Commonwealth of Independent States,2019,60,5.809,1.173,1.508,0.729,0.41,0.146,0.096
60,Bolivia,Latin America and Caribbean,2019,61,5.779,0.776,1.209,0.706,0.511,0.137,0.064
61,Hungary,Central and Eastern Europe,2019,62,5.758,1.201,1.41,0.828,0.199,0.081,0.02
62,Paraguay,Latin America and Caribbean,2019,63,5.743,0.855,1.475,0.777,0.514,0.184,0.08
63,North Cyprus,Middle East and North Africa,2019,64,5.718,1.263,1.252,1.042,0.417,0.191,0.162
64,Peru,Latin America and Caribbean,2019,65,5.697,0.96,1.274,0.854,0.455,0.083,0.027
65,Portugal,Western Europe,2019,66,5.693,1.221,1.431,0.999,0.508,0.047,0.025
66,Pakistan,South Asia,2019,67,5.653,0.677,0.886,0.535,0.313,0.22,0.098
67,Russia,Commonwealth of Independent States,2019,68,5.648,1.183,1.452,0.726,0.334,0.082,0.031
68,Philippines,Southeast Asia,2019,69,5.631,0.807,1.293,0.657,0.558,0.117,0.107
69,Serbia,Central and Eastern Europe,2019,70,5.603,1.004,1.383,0.854,0.282,0.137,0.039
70,Moldova,Commonwealth of Independent States,2019,71,5.529,0.685,1.328,0.739,0.245,0.181,0.0
71,Libya,Middle East and North Africa,2019,72,5.525,1.044,1.303,0.673,0.416,0.133,0.152
72,Montenegro,Central and Eastern Europe,2019,73,5.523,1.051,1.361,0.871,0.197,0.142,0.08
73,Tajikistan,Commonwealth of Independent States,2019,74,5.467,0.493,1.098,0.718,0.389,0.23,0.144
74,Croatia,Central and Eastern Europe,2019,75,5.432,1.155,1.266,0.914,0.296,0.119,0.022
75,Hong Kong,East Asia,2019,76,5.43,1.438,1.277,1.122,0.44,0.258,0.287
76,Dominican Republic,Latin America and Caribbean,2019,77,5.425,1.015,1.401,0.779,0.497,0.113,0.101
77,Bosnia and Herzegovina,Central and Eastern Europe,2019,78,5.386,0.945,1.212,0.845,0.212,0.263,0.006
78,Turkey,Middle East and North Africa,2019,79,5.373,1.183,1.36,0.808,0.195,0.083,0.106
79,Malaysia,Southeast Asia,2019,80,5.339,1.221,1.171,0.828,0.508,0.26,0.024
80,Belarus,Commonwealth of Independent States,2019,81,5.323,1.067,1.465,0.789,0.235,0.094,0.142
81,Greece,Western Europe,2019,82,5.287,1.181,1.156,0.999,0.067,0.0,0.034
82,Mongolia,East Asia,2019,83,5.285,0.948,1.531,0.667,0.317,0.235,0.038
83,North Macedonia,Central and Eastern Europe,2019,84,5.274,0.983,1.294,0.838,0.345,0.185,0.034
84,Nigeria,Sub-Saharan Africa,2019,85,5.265,0.696,1.111,0.245,0.426,0.215,0.041
85,Kyrgyzstan,Commonwealth of Independent States,2019,86,5.261,0.551,1.438,0.723,0.508,0.3,0.023
86,Turkmenistan,Commonwealth of Independent States,2019,87,5.247,1.052,1.538,0.657,0.394,0.244,0.028
87,Algeria,Middle East and North Africa,2019,88,5.211,1.002,1.16,0.785,0.086,0.073,0.114
88,Morocco,Middle East and North Africa,2019,89,5.208,0.801,0.782,0.782,0.418,0.036,0.076
89,Azerbaijan,Commonwealth of Independent States,2019,90,5.208,1.043,1.147,0.769,0.351,0.035,0.182
90,Lebanon,Middle East and North Africa,2019,91,5.197,0.987,1.224,0.815,0.216,0.166,0.027
91,Indonesia,Southeast Asia,2019,92,5.192,0.931,1.203,0.66,0.491,0.498,0.028
92,China,East Asia,2019,93,5.191,1.029,1.125,0.893,0.521,0.058,0.1
93,Vietnam,Southeast Asia,2019,94,5.175,0.741,1.346,0.851,0.543,0.147,0.073
94,Bhutan,South Asia,2019,95,5.082,0.813,1.321,0.604,0.457,0.37,0.167
95,Cameroon,Sub-Saharan Africa,2019,96,5.044,0.549,0.91,0.331,0.381,0.187,0.037
96,Bulgaria,Central and Eastern Europe,2019,97,5.011,1.092,1.513,0.815,0.311,0.081,0.004
97,Ghana,Sub-Saharan Africa,2019,98,4.996,0.611,0.868,0.486,0.381,0.245,0.04
98,Ivory Coast,Sub-Saharan Africa,2019,99,4.944,0.569,0.808,0.232,0.352,0.154,0.09
99,Nepal,South Asia,2019,100,4.913,0.446,1.226,0.677,0.439,0.285,0.089
100,Jordan,Middle East and North Africa,2019,101,4.906,0.837,1.225,0.815,0.383,0.11,0.13
101,Benin,Sub-Saharan Africa,2019,102,4.883,0.393,0.437,0.397,0.349,0.175,0.082
102,Congo (Brazzaville),Sub-Saharan Africa,2019,103,4.812,0.673,0.799,0.508,0.372,0.105,0.093
103,Gabon,Sub-Saharan Africa,2019,104,4.799,1.057,1.183,0.571,0.295,0.043,0.055
104,Laos,Southeast Asia,2019,105,4.796,0.764,1.03,0.551,0.547,0.266,0.164
105,South Africa,Sub-Saharan Africa,2019,106,4.722,0.96,1.351,0.469,0.389,0.13,0.055
106,Albania,Central and Eastern Europe,2019,107,4.719,0.947,0.848,0.874,0.383,0.178,0.027
107,Venezuela,Latin America and Caribbean,2019,108,4.707,0.96,1.427,0.805,0.154,0.064,0.047
108,Cambodia,Southeast Asia,2019,109,4.7,0.574,1.122,0.637,0.609,0.232,0.062
109,Palestinian Territories,Middle East and North Africa,2019,110,4.696,0.657,1.247,0.672,0.225,0.103,0.066
110,Senegal,Sub-Saharan Africa,2019,111,4.681,0.45,1.134,0.571,0.292,0.153,0.072
111,Somalia,Sub-Saharan Africa,2019,112,4.668,0.0,0.698,0.268,0.559,0.243,0.27
112,Namibia,Sub-Saharan Africa,2019,113,4.639,0.879,1.313,0.477,0.401,0.07,0.056
113,Niger,Sub-Saharan Africa,2019,114,4.628,0.138,0.774,0.366,0.318,0.188,0.102
114,Burkina Faso,Sub-Saharan Africa,2019,115,4.587,0.331,1.056,0.38,0.255,0.177,0.113
115,Armenia,Commonwealth of Independent States,2019,116,4.559,0.85,1.055,0.815,0.283,0.095,0.064
116,Iran,Middle East and North Africa,2019,117,4.548,1.1,0.842,0.785,0.305,0.27,0.125
117,Guinea,Sub-Saharan Africa,2019,118,4.534,0.38,0.829,0.375,0.332,0.207,0.086
118,Georgia,Commonwealth of Independent States,2019,119,4.519,0.886,0.666,0.752,0.346,0.043,0.164
119,Gambia,Sub-Saharan Africa,2019,120,4.516,0.308,0.939,0.428,0.382,0.269,0.167
120,Kenya,Sub-Saharan Africa,2019,121,4.509,0.512,0.983,0.581,0.431,0.372,0.053
121,Mauritania,Sub-Saharan Africa,2019,122,4.49,0.57,1.167,0.489,0.066,0.106,0.088
122,Mozambique,Sub-Saharan Africa,2019,123,4.466,0.204,0.986,0.39,0.494,0.197,0.138
123,Tunisia,Middle East and North Africa,2019,124,4.461,0.921,1.0,0.815,0.167,0.059,0.055
124,Bangladesh,South Asia,2019,125,4.456,0.562,0.928,0.723,0.527,0.166,0.143
125,Iraq,Middle East and North Africa,2019,126,4.437,1.043,0.98,0.574,0.241,0.148,0.089
126,Congo (Kinshasa),Sub-Saharan Africa,2019,127,4.418,0.094,1.125,0.357,0.269,0.212,0.053
127,Mali,Sub-Saharan Africa,2019,128,4.39,0.385,1.105,0.308,0.327,0.153,0.052
128,Sierra Leone,Sub-Saharan Africa,2019,129,4.374,0.268,0.841,0.242,0.309,0.252,0.045
129,Sri Lanka,South Asia,2019,130,4.366,0.949,1.265,0.831,0.47,0.244,0.047
130,Myanmar,Southeast Asia,2019,131,4.36,0.71,1.181,0.555,0.525,0.566,0.172
131,Chad,Sub-Saharan Africa,2019,132,4.35,0.35,0.766,0.192,0.174,0.198,0.078
132,Ukraine,Commonwealth of Independent States,2019,133,4.332,0.82,1.39,0.739,0.178,0.187,0.01
133,Ethiopia,Sub-Saharan Africa,2019,134,4.286,0.336,1.033,0.532,0.344,0.209,0.1
134,Swaziland,Sub-Saharan Africa,2019,135,4.212,0.811,1.149,0.0,0.313,0.074,0.135
135,Uganda,Sub-Saharan Africa,2019,136,4.189,0.332,1.069,0.443,0.356,0.252,0.06
136,Egypt,Middle East and North Africa,2019,137,4.166,0.913,1.039,0.644,0.241,0.076,0.067
137,Zambia,Sub-Saharan Africa,2019,138,4.107,0.578,1.058,0.426,0.431,0.247,0.087
138,Togo,Sub-Saharan Africa,2019,139,4.085,0.275,0.572,0.41,0.293,0.177,0.085
139,India,South Asia,2019,140,4.015,0.755,0.765,0.588,0.498,0.2,0.085
140,Liberia,Sub-Saharan Africa,2019,141,3.975,0.073,0.922,0.443,0.37,0.233,0.033
141,Comoros,Sub-Saharan Africa,2019,142,3.973,0.274,0.757,0.505,0.142,0.275,0.078
142,Madagascar,Sub-Saharan Africa,2019,143,3.933,0.274,0.916,0.555,0.148,0.169,0.041
143,Lesotho,Sub-Saharan Africa,2019,144,3.802,0.489,1.169,0.168,0.359,0.107,0.093
144,Burundi,Sub-Saharan Africa,2019,145,3.775,0.046,0.447,0.38,0.22,0.176,0.18
145,Zimbabwe,Sub-Saharan Africa,2019,146,3.663,0.366,1.114,0.433,0.361,0.151,0.089
146,Haiti,Latin America and Caribbean,2019,147,3.597,0.323,0.688,0.449,0.026,0.419,0.11
147,Botswana,Sub-Saharan Africa,2019,148,3.488,1.041,1.145,0.538,0.455,0.025,0.1
148,Syria,Middle East and North Africa,2019,149,3.462,0.619,0.378,0.44,0.013,0.331,0.141
149,Malawi,Sub-Saharan Africa,2019,150,3.41,0.191,0.56,0.495,0.443,0.218,0.089
150,Yemen,Middle East and North Africa,2019,151,3.38,0.287,1.163,0.463,0.143,0.108,0.077
151,Rwanda,Sub-Saharan Africa,2019,152,3.334,0.359,0.711,0.614,0.555,0.217,0.411
152,Tanzania,Sub-Saharan Africa,2019,153,3.231,0.476,0.885,0.499,0.417,0.276,0.147
153,Afghanistan,South Asia,2019,154,3.203,0.35,0.517,0.361,0.0,0.158,0.025
154,Central African Republic,Sub-Saharan Africa,2019,155,3.083,0.026,0.0,0.105,0.225,0.235,0.035
155,South Sudan,Sub-Saharan Africa,2019,156,2.853,0.306,0.575,0.295,0.01,0.202,0.091
156,Finland,Western Europe,2020,1,7.808700085,1.285189509,1.499525905,0.961271405,0.66231674,0.159670442,0.477857262
157,Denmark,Western Europe,2020,2,7.645599842,1.326948524,1.503449202,0.979332566,0.665039897,0.242793396,0.495260328
158,Switzerland,Western Europe,2020,3,7.559899807,1.39077425,1.472403407,1.040533185,0.62895447,0.269055754,0.407945901
159,Iceland,Western Europe,2020,4,7.504499912,1.326501608,1.547567487,1.000843406,0.661980748,0.362330228,0.144540772
160,Norway,Western Europe,2020,5,7.487999916,1.42420733,1.495172501,1.008071899,0.670200884,0.287985086,0.434100568
161,Netherlands,Western Europe,2020,6,7.448900223,1.338946342,1.463645935,0.975675344,0.61362648,0.336317569,0.368569762
162,Sweden,Western Europe,2020,7,7.353499889,1.322235227,1.433347702,0.986470461,0.650297701,0.272827893,0.442066371
163,New Zealand,North America and ANZ,2020,8,7.299600124,1.242317915,1.48721838,1.008138299,0.646789908,0.325726211,0.461268276
164,Austria,Western Europe,2020,9,7.294199944,1.317285538,1.437444925,1.000933528,0.603368878,0.255509764,0.281256139
165,Luxembourg,Western Europe,2020,10,7.237500191,1.536676049,1.387528419,0.986442685,0.610137045,0.19595392,0.367041469
166,Canada,North America and ANZ,2020,11,7.23210001,1.301647663,1.435391903,1.022501945,0.644028127,0.28152892,0.351701856
167,Australia,North America and ANZ,2020,12,7.222799778,1.310396433,1.477146268,1.022607684,0.621877193,0.324973613,0.335996419
168,United Kingdom,Western Europe,2020,13,7.164500237,1.273061037,1.457844973,0.97570008,0.525168657,0.373433441,0.322601646
169,Israel,Middle East and North Africa,2020,14,7.128600121,1.216463685,1.403256774,1.008052945,0.420699477,0.266861796,0.09989845
170,Costa Rica,Latin America and Caribbean,2020,15,7.121399879,0.981107712,1.374853611,0.939635336,0.645017743,0.131266311,0.096362092
171,Ireland,Western Europe,2020,16,7.093699932,1.446886778,1.470596433,0.975670695,0.587779939,0.295426995,0.373433262
172,Germany,Western Europe,2020,17,7.075799942,1.314184546,1.368543744,0.972114801,0.564274132,0.252037704,0.309362292
173,United States,North America and ANZ,2020,18,6.939599991,1.37398684,1.404786706,0.831618011,0.534608245,0.298143059,0.152284741
174,Czech Republic,Central and Eastern Europe,2020,19,6.910900116,1.212322354,1.40528667,0.89456445,0.505744576,0.046325929,0.049803223
175,Belgium,Western Europe,2020,20,6.863500118,1.295842767,1.398677588,0.964901149,0.499805421,0.146966159,0.208724052
176,United Arab Emirates,Middle East and North Africa,2020,21,6.790800095,1.431086421,1.251170993,0.787814438,0.652936101,0.28065598,0.220213518
177,Malta,Western Europe,2020,22,6.772799969,1.252513289,1.442956924,0.972042024,0.633239031,0.341180831,0.178864077
178,France,Western Europe,2020,23,6.663799763,1.268129349,1.458839178,1.029714227,0.514050901,0.112607703,0.227303237
179,Mexico,Latin America and Caribbean,2020,24,6.465000153,1.024387479,1.226333499,0.831601024,0.553892553,0.083094485,0.083133668
180,Taiwan Province of China,East Asia,2020,25,6.45539999,1.327470541,1.357760668,0.878437996,0.449404389,0.150598705,0.131516352
181,Uruguay,Latin America and Caribbean,2020,26,6.440100193,1.071000457,1.425081134,0.856928885,0.59426707,0.132143691,0.193425074
182,Saudi Arabia,Middle East and North Africa,2020,27,6.406499863,1.334328532,1.309950113,0.759818137,0.548477471,0.087440684,0.163322315
183,Spain,Western Europe,2020,28,6.400899887,1.230535269,1.421099186,1.051343083,0.425983816,0.16530548,0.109579779
184,Guatemala,Latin America and Caribbean,2020,29,6.398900032,0.753815711,1.174267054,0.705952585,0.613146722,0.170611665,0.0983603
185,Italy,Western Europe,2020,30,6.38740015,1.236396074,1.347296,1.022504926,0.321305573,0.170266211,0.040145598
186,Singapore,Southeast Asia,2020,31,6.377099991,1.519580126,1.39545691,1.137814283,0.635317206,0.218770906,0.533162236
187,Brazil,Latin America and Caribbean,2020,32,6.375599861,0.952679873,1.363464117,0.766119063,0.483292729,0.131674588,0.106518604
188,Slovenia,Central and Eastern Europe,2020,33,6.363399982,1.208652496,1.464677691,0.932548046,0.646700144,0.145701498,0.076516323
189,El Salvador,Latin America and Caribbean,2020,34,6.34829998,0.748940408,1.149397612,0.752730012,0.524043918,0.1189363,0.117030352
190,Kosovo,Central and Eastern Europe,2020,35,6.325200081,0.840481341,1.183962822,0.672709167,0.557280421,0.325286865,0.008559024
191,Panama,Latin America and Caribbean,2020,36,6.304800034,1.097667813,1.376149297,0.878546536,0.57984978,0.097207308,0.054230526
192,Slovakia,Central and Eastern Europe,2020,37,6.280600071,1.194837689,1.424331188,0.853465259,0.423542529,0.116729774,0.011291441
193,Uzbekistan,Commonwealth of Independent States,2020,38,6.257599831,0.696652949,1.434020042,0.716703713,0.693270326,0.363311023,0.280260265
194,Chile,Latin America and Caribbean,2020,39,6.228499889,1.096992493,1.323286891,0.889260828,0.417482227,0.155579001,0.06284935
195,Bahrain,Middle East and North Africa,2020,40,6.227300167,1.296692252,1.31532371,0.838836372,0.610399902,0.287453711,0.126697257
196,Lithuania,Central and Eastern Europe,2020,41,6.215499878,1.193559647,1.432865739,0.795421183,0.42046079,0.053691041,0.081350274
197,Trinidad and Tobago,Latin America and Caribbean,2020,42,6.191899776,1.167641521,1.407326221,0.658828557,0.55293113,0.199358255,0.015078396
198,Poland,Central and Eastern Europe,2020,43,6.186299801,1.16922915,1.310399771,0.868038476,0.557903528,0.063374244,0.160541251
199,Colombia,Latin America and Caribbean,2020,44,6.163400173,0.93220371,1.33445096,0.810020149,0.526890039,0.092374094,0.04584837
200,Cyprus,Western Europe,2020,45,6.15899992,1.21279943,1.149170756,1.026124597,0.459385872,0.227932334,0.051207144
201,Nicaragua,Latin America and Caribbean,2020,46,6.13710022,0.620033145,1.27081275,0.803093255,0.560117304,0.212871477,0.174084574
202,Romania,Central and Eastern Europe,2020,47,6.123700142,1.120401621,1.1944381,0.79229486,0.534852326,0.068181619,0.000829569
203,Kuwait,Middle East and North Africa,2020,48,6.102099895,1.424833655,1.244779825,0.776468933,0.570261419,0.132751092,0.112814933
204,Mauritius,Sub-Saharan Africa,2020,49,6.101299763,1.07366395,1.395666838,0.763389409,0.590838134,0.186894551,0.084088229
205,Kazakhstan,Commonwealth of Independent States,2020,50,6.057899952,1.122594237,1.453267694,0.698788941,0.497432142,0.153713793,0.110463686
206,Estonia,Central and Eastern Europe,2020,51,6.021800041,1.192441225,1.453232527,0.842615008,0.576664805,0.125136748,0.201766819
207,Philippines,Southeast Asia,2020,52,6.006000042,0.775120676,1.245381713,0.602189481,0.621915162,0.129260212,0.130385727
208,Hungary,Central and Eastern Europe,2020,53,6.000400066,1.164307117,1.423009396,0.806793869,0.386401802,0.070491239,0.027548173
209,Thailand,Southeast Asia,2020,54,5.998799801,1.007029295,1.347519517,0.793855846,0.609449804,0.376709014,0.031837862
210,Argentina,Latin America and Caribbean,2020,55,5.974699974,1.028465629,1.372543693,0.849773705,0.520840347,0.070100471,0.060415059
211,Honduras,Latin America and Caribbean,2020,56,5.953199863,0.598763585,1.186664104,0.791989982,0.568148077,0.256528199,0.086807102
212,Latvia,Central and Eastern Europe,2020,57,5.949999809,1.14139545,1.414398789,0.777902424,0.329198807,0.075407945,0.090391524
213,Ecuador,Latin America and Caribbean,2020,58,5.925199986,0.853383601,1.221027613,0.838837743,0.555234551,0.115006477,0.086753383
214,Portugal,Western Europe,2020,59,5.910900116,1.168800831,1.339530349,0.979315281,0.589895189,0.053036947,0.027733466
215,Jamaica,Latin America and Caribbean,2020,60,5.889800072,0.779058397,1.408289194,0.788434088,0.553124607,0.116268493,0.030147785
216,South Korea,East Asia,2020,61,5.872399807,1.245300651,1.133560538,1.022542596,0.25935635,0.170303866,0.094596282
217,Japan,East Asia,2020,62,5.870800018,1.26672411,1.332338691,1.072881341,0.495465875,0.03571178,0.181439638
218,Peru,Latin America and Caribbean,2020,63,5.796800137,0.91854918,1.208405972,0.824444175,0.513210058,0.091611817,0.02703266
219,Serbia,Central and Eastern Europe,2020,64,5.77820015,0.988181829,1.327448964,0.828403294,0.395428419,0.15028289,0.059447147
220,Bolivia,Latin America and Caribbean,2020,65,5.747499943,0.730976343,1.142350554,0.662445664,0.5744645,0.138375074,0.072942637
221,Pakistan,South Asia,2020,66,5.69329977,0.616799474,0.872979581,0.469933242,0.405421734,0.228705063,0.122592121
222,Paraguay,Latin America and Caribbean,2020,67,5.692100048,0.897990823,1.36819756,0.735869646,0.586510062,0.204299241,0.065077379
223,Dominican Republic,Latin America and Caribbean,2020,68,5.689199924,0.983191848,1.328888893,0.741901696,0.5628739,0.112196781,0.115945682
224,Bosnia and Herzegovina,Central and Eastern Europe,2020,69,5.674099922,0.91839546,1.203986526,0.813928187,0.305365741,0.264005244,0.001172487
225,Moldova,Commonwealth of Independent States,2020,70,5.607500076,0.707916796,1.237312198,0.713299453,0.389571488,0.174049184,0.014378744
226,Tajikistan,Commonwealth of Independent States,2020,71,5.555699825,0.474874616,1.218377709,0.680594802,0.521141171,0.182417125,0.221779913
227,Montenegro,Central and Eastern Europe,2020,72,5.54610014,1.010150075,1.265657902,0.839028895,0.303223848,0.14901033,0.098435111
228,Russia,Commonwealth of Independent States,2020,73,5.546000004,1.126999617,1.378644109,0.68044591,0.399499595,0.099041916,0.045699362
229,Kyrgyzstan,Commonwealth of Independent States,2020,74,5.541500092,0.513180971,1.341036677,0.680645883,0.614617765,0.30137074,0.030466691
230,Belarus,Commonwealth of Independent States,2020,75,5.539899826,1.018854499,1.38713932,0.75258857,0.290755868,0.08993306,0.193607435
231,North Cyprus,Western Europe,2020,76,5.53550005,1.21279943,1.183089137,1.026124597,0.477885723,0.199160054,0.199802905
232,Greece,Western Europe,2020,77,5.514999866,1.128070116,1.168973565,0.979431748,0.173516348,0.0,0.048844352
233,Hong Kong S.A.R. of China,East Asia,2020,78,5.510399818,1.376746058,1.243584275,1.136630654,0.459356517,0.288280904,0.332485437
234,Croatia,Central and Eastern Europe,2020,79,5.504700184,1.109024286,1.311264873,0.900575578,0.381456882,0.113998979,0.012325006
235,Libya,Middle East and North Africa,2020,80,5.488800049,1.021913767,1.196283698,0.615626633,0.451354057,0.142757699,0.172258079
236,Mongolia,East Asia,2020,81,5.456200123,0.904872775,1.458930612,0.615788162,0.355703115,0.263885736,0.046533126
237,Malaysia,Southeast Asia,2020,82,5.384300232,1.168421626,1.17400229,0.788511872,0.596941531,0.274886161,0.062163133
238,Vietnam,Southeast Asia,2020,83,5.353499889,0.718092382,1.253074765,0.819133997,0.650835574,0.136488721,0.089848459
239,Indonesia,Southeast Asia,2020,84,5.285600185,0.891720712,1.154800892,0.610437036,0.568161428,0.542646527,0.038278613
240,Ivory Coast,Sub-Saharan Africa,2020,85,5.233300209,0.537094414,0.799727261,0.154942513,0.397122532,0.169915587,0.093495794
241,Benin,Sub-Saharan Africa,2020,86,5.21600008,0.366244704,0.352428436,0.328062952,0.40583989,0.196670428,0.125931874
242,Maldives,South Asia,2020,87,5.197599888,0.937864304,1.402287602,0.914439559,0.548203647,0.224198252,0.071906492
243,Congo (Brazzaville),Sub-Saharan Africa,2020,88,5.194399834,0.633616745,0.757636011,0.458101124,0.386514395,0.117216013,0.118670784
244,Azerbaijan,Commonwealth of Independent States,2020,89,5.164800167,0.990272701,1.180613041,0.731134057,0.467734724,0.040113214,0.247307181
245,Macedonia,Central and Eastern Europe,2020,90,5.159800053,0.935371995,1.183173537,0.802994132,0.410224587,0.18586354,0.024595059
246,Ghana,Sub-Saharan Africa,2020,91,5.147999763,0.575862467,0.96636796,0.432162255,0.477290064,0.261291206,0.056570381
247,Nepal,South Asia,2020,92,5.137199879,0.444050372,1.100789309,0.66887939,0.480608255,0.300971806,0.127502963
248,Turkey,Middle East and North Africa,2020,93,5.131800175,1.127169251,1.197159171,0.781335294,0.25440076,0.085885569,0.120983243
249,China,East Asia,2020,94,5.123899937,0.990533412,1.132080674,0.867248535,0.601605117,0.079021044,0.117255554
250,Turkmenistan,Commonwealth of Independent States,2020,95,5.119100094,1.008963585,1.510476947,0.612448037,0.515236676,0.323129326,0.03350389
251,Bulgaria,Central and Eastern Europe,2020,96,5.101500034,1.046554685,1.460578918,0.777776897,0.417820066,0.103833713,0.0
252,Morocco,Middle East and North Africa,2020,97,5.094799995,0.75862211,0.645208478,0.745096922,0.450054139,0.040032551,0.077385604
253,Cameroon,Sub-Saharan Africa,2020,98,5.084899902,0.503958046,0.89972645,0.270189553,0.439242482,0.198020101,0.054393422
254,Venezuela,Latin America and Caribbean,2020,99,5.053199768,0.770238638,1.348546863,0.76702553,0.271717221,0.087179154,0.063624777
255,Algeria,Middle East and North Africa,2020,100,5.005099773,0.943856001,1.143003583,0.745418549,0.083943799,0.118915014,0.129190654
256,Senegal,Sub-Saharan Africa,2020,101,4.980800152,0.504061818,0.95459342,0.518391907,0.352400899,0.164397135,0.081865937
257,Guinea,Sub-Saharan Africa,2020,102,4.949299812,0.390007734,0.75136596,0.333655238,0.371878058,0.249490842,0.112204559
258,Niger,Sub-Saharan Africa,2020,103,4.909599781,0.108330332,0.703800142,0.298816353,0.435311615,0.208176896,0.137554765
259,Laos,Southeast Asia,2020,104,4.888599873,0.714693844,0.987391889,0.486378282,0.612027287,0.27266711,0.194273964
260,Albania,Central and Eastern Europe,2020,105,4.882699966,0.906653047,0.830483913,0.846329629,0.461945891,0.171027765,0.025361285
261,Cambodia,Southeast Asia,2020,106,4.848400116,0.544634938,1.071426034,0.587904334,0.674940348,0.233342081,0.072837502
262,Bangladesh,South Asia,2020,107,4.832799911,0.556156278,0.868800581,0.694940507,0.604130566,0.176745117,0.176735908
263,Gabon,Sub-Saharan Africa,2020,108,4.829299927,0.988044381,1.10639751,0.522574842,0.369459897,0.052013602,0.055804539
264,South Africa,Sub-Saharan Africa,2020,109,4.814099789,0.902140439,1.259086251,0.407034069,0.43478182,0.126406848,0.05950214
265,Iraq,Middle East and North Africa,2020,110,4.784800053,0.982018709,1.011466622,0.529350698,0.283588052,0.153002068,0.073164992
266,Lebanon,Middle East and North Africa,2020,111,4.771500111,0.889232516,1.19249332,0.788671136,0.18551667,0.158524141,0.021518147
267,Burkina Faso,Sub-Saharan Africa,2020,112,4.768700123,0.302467644,0.9293859,0.312833875,0.322398156,0.186390609,0.126408055
268,Gambia,Sub-Saharan Africa,2020,113,4.750599861,0.256990552,0.882678688,0.353247881,0.403419524,0.425989687,0.158093795
269,Mali,Sub-Saharan Africa,2020,114,4.729300022,0.352462649,0.97314173,0.234981522,0.377534449,0.16966705,0.062146276
270,Nigeria,Sub-Saharan Africa,2020,115,4.724100113,0.645901859,0.986717939,0.167835936,0.435079455,0.221328124,0.047589935
271,Armenia,Commonwealth of Independent States,2020,116,4.676799774,0.808262408,1.034576893,0.77585727,0.378075808,0.107225738,0.104618184
272,Georgia,Commonwealth of Independent States,2020,117,4.672599792,0.847198069,0.7311939,0.694657624,0.485494107,0.047609735,0.174088076
273,Iran,Middle East and North Africa,2020,118,4.672399998,1.029322505,0.886271179,0.749053836,0.301195472,0.27697894,0.142651513
274,Jordan,Middle East and North Africa,2020,119,4.633399963,0.785179198,1.140118599,0.777624726,0.424855083,0.091494769,0.151878625
275,Mozambique,Sub-Saharan Africa,2020,120,4.623600006,0.178741366,0.955202878,0.324223638,0.56077534,0.220422104,0.163064316
276,Kenya,Sub-Saharan Africa,2020,121,4.583000183,0.476413399,0.905077755,0.536312759,0.519180536,0.393902093,0.067201078
277,Namibia,Sub-Saharan Africa,2020,122,4.571100235,0.84008199,1.245738149,0.40687117,0.444598973,0.076454483,0.054320343
278,Ukraine,Commonwealth of Independent States,2020,123,4.56069994,0.780434608,1.321316481,0.698674381,0.319423705,0.178551316,0.00965116
279,Liberia,Sub-Saharan Africa,2020,124,4.557899952,0.174103007,0.920733929,0.392284274,0.405943096,0.226967871,0.051139876
280,Palestinian Territories,Middle East and North Africa,2020,125,4.552800179,0.587819219,1.194755554,0.613826573,0.29870075,0.091816261,0.071913652
281,Uganda,Sub-Saharan Africa,2020,126,4.43200016,0.312337428,1.052327394,0.378311664,0.401682556,0.264807373,0.063818842
282,Chad,Sub-Saharan Africa,2020,127,4.422699928,0.302287489,0.739118278,0.1087441,0.228601769,0.210805088,0.085755408
283,Tunisia,Middle East and North Africa,2020,128,4.392199993,0.874742687,0.872167706,0.781156719,0.235860556,0.055881143,0.043899573
284,Mauritania,Sub-Saharan Africa,2020,129,4.374599934,0.539684892,1.113323569,0.425184816,0.185714483,0.128899664,0.122257635
285,Sri Lanka,South Asia,2020,130,4.327000141,0.897986948,1.19494009,0.792036712,0.528632462,0.252666146,0.049444564
286,Congo (Kinshasa),Sub-Saharan Africa,2020,131,4.31099987,0.062487468,0.833055019,0.277212054,0.36462298,0.254324883,0.081466645
287,Swaziland,Sub-Saharan Africa,2020,132,4.308100224,0.827539742,1.064835191,0.215585828,0.299935788,0.067264833,0.146765873
288,Myanmar,Southeast Asia,2020,133,4.308000088,0.67809093,1.098178267,0.495443076,0.597478867,0.569813728,0.187530354
289,Comoros,Sub-Saharan Africa,2020,134,4.288599968,0.415620774,0.723232806,0.437383324,0.181028232,0.258538276,0.100048535
290,Togo,Sub-Saharan Africa,2020,135,4.187200069,0.268116266,0.547622859,0.342731178,0.303539038,0.200774252,0.114826456
291,Ethiopia,Sub-Saharan Africa,2020,136,4.186200142,0.315125644,1.001103282,0.483846247,0.41256687,0.227698103,0.117437035
292,Madagascar,Sub-Saharan Africa,2020,137,4.165599823,0.244553208,0.823694348,0.500617027,0.192967549,0.191190064,0.076248638
293,Egypt,Middle East and North Africa,2020,138,4.151400089,0.875228941,0.982539535,0.596911311,0.373684734,0.068801254,0.095461793
294,Sierra Leone,Sub-Saharan Africa,2020,139,3.926399946,0.240560383,0.747984946,0.203953966,0.382027686,0.257647008,0.047940936
295,Burundi,Sub-Saharan Africa,2020,140,3.775300026,0.0,0.403575271,0.295212835,0.275399059,0.187401786,0.212186828
296,Zambia,Sub-Saharan Africa,2020,141,3.759399891,0.536833763,0.896037281,0.36359334,0.49131754,0.250620902,0.086705238
297,Haiti,Latin America and Caribbean,2020,142,3.720799923,0.284734428,0.646671355,0.37436673,0.169297516,0.463909656,0.161935672
298,Lesotho,Sub-Saharan Africa,2020,143,3.652800083,0.45493874,1.088940024,0.100934811,0.409367532,0.102627642,0.050483823
299,India,South Asia,2020,144,3.573299885,0.730576158,0.644198656,0.54057014,0.581142247,0.237072483,0.105587982
300,Malawi,Sub-Saharan Africa,2020,145,3.538000107,0.176534727,0.53036809,0.446163297,0.487389833,0.213185057,0.131633952
301,Yemen,Middle East and North Africa,2020,146,3.527400017,0.392701775,1.177477121,0.41500017,0.243721485,0.094689012,0.087352127
302,Botswana,Sub-Saharan Africa,2020,147,3.478899956,0.997548997,1.08569479,0.494101733,0.50908941,0.033407487,0.101786368
303,Tanzania,Sub-Saharan Africa,2020,148,3.476200104,0.457163125,0.872674644,0.442677855,0.509343088,0.27154091,0.203880861
304,Central African Republic,Sub-Saharan Africa,2020,149,3.475899935,0.041072082,0.0,0.0,0.292814463,0.253513217,0.028264718
305,Rwanda,Sub-Saharan Africa,2020,150,3.312299967,0.343242675,0.522876322,0.572383285,0.604087889,0.235704988,0.485542476
306,Zimbabwe,Sub-Saharan Africa,2020,151,3.299200058,0.425564021,1.047835231,0.375037611,0.37740472,0.151349187,0.080928579
307,South Sudan,Sub-Saharan Africa,2020,152,2.816600084,0.289082974,0.553278506,0.208809033,0.065609254,0.209934607,0.111156799
308,Afghanistan,South Asia,2020,153,2.566900015,0.30070585,0.356433839,0.266051531,0.0,0.135234714,0.001225785
309,Finland,Western Europe,2021,1,7.842,1.446,1.106,0.741,0.691,0.124,0.481
310,Denmark,Western Europe,2021,2,7.62,1.502,1.108,0.763,0.686,0.208,0.485
311,Switzerland,Western Europe,2021,3,7.571,1.566,1.079,0.816,0.653,0.204,0.413
312,Iceland,Western Europe,2021,4,7.554,1.482,1.172,0.772,0.698,0.293,0.17
313,Netherlands,Western Europe,2021,5,7.464,1.501,1.079,0.753,0.647,0.302,0.384
314,Norway,Western Europe,2021,6,7.392,1.543,1.108,0.782,0.703,0.249,0.427
315,Sweden,Western Europe,2021,7,7.363,1.478,1.062,0.763,0.685,0.244,0.448
316,Luxembourg,Western Europe,2021,8,7.324,1.751,1.003,0.76,0.639,0.166,0.353
317,New Zealand,North America and ANZ,2021,9,7.277,1.4,1.094,0.785,0.665,0.276,0.445
318,Austria,Western Europe,2021,10,7.268,1.492,1.062,0.782,0.64,0.215,0.292
319,Australia,North America and ANZ,2021,11,7.183,1.453,1.076,0.801,0.647,0.291,0.317
320,Israel,Middle East and North Africa,2021,12,7.157,1.376,1.074,0.788,0.509,0.208,0.119
321,Germany,Western Europe,2021,13,7.155,1.48,0.993,0.757,0.6,0.195,0.306
322,Canada,North America and ANZ,2021,14,7.103,1.447,1.044,0.798,0.648,0.246,0.335
323,Ireland,Western Europe,2021,15,7.085,1.644,1.092,0.753,0.606,0.238,0.367
324,Costa Rica,Latin America and Caribbean,2021,16,7.069,1.134,0.966,0.722,0.673,0.105,0.083
325,United Kingdom,Western Europe,2021,17,7.064,1.423,1.062,0.757,0.58,0.34,0.306
326,Czech Republic,Central and Eastern Europe,2021,18,6.965,1.37,1.09,0.703,0.58,0.052,0.046
327,United States,North America and ANZ,2021,19,6.951,1.533,1.03,0.621,0.554,0.252,0.154
328,Belgium,Western Europe,2021,20,6.834,1.463,0.998,0.747,0.489,0.088,0.187
329,France,Western Europe,2021,21,6.69,1.421,1.081,0.804,0.536,0.092,0.235
330,Bahrain,Middle East and North Africa,2021,22,6.647,1.409,0.899,0.662,0.661,0.246,0.139
331,Malta,Western Europe,2021,23,6.602,1.411,1.055,0.747,0.664,0.275,0.183
332,Taiwan Province of China,East Asia,2021,24,6.584,1.48,0.982,0.665,0.49,0.142,0.139
333,United Arab Emirates,Middle East and North Africa,2021,25,6.561,1.555,0.86,0.594,0.67,0.236,0.223
334,Saudi Arabia,Middle East and North Africa,2021,26,6.494,1.435,0.964,0.571,0.603,0.09,0.163
335,Spain,Western Europe,2021,27,6.491,1.375,1.057,0.826,0.462,0.135,0.124
336,Italy,Western Europe,2021,28,6.483,1.393,0.94,0.798,0.379,0.133,0.047
337,Slovenia,Central and Eastern Europe,2021,29,6.461,1.36,1.093,0.722,0.69,0.122,0.085
338,Guatemala,Latin America and Caribbean,2021,30,6.435,0.845,0.79,0.519,0.638,0.163,0.105
339,Uruguay,Latin America and Caribbean,2021,31,6.431,1.164,1.042,0.649,0.625,0.128,0.223
340,Singapore,Southeast Asia,2021,32,6.377,1.695,1.019,0.897,0.664,0.176,0.547
341,Kosovo,Central and Eastern Europe,2021,33,6.372,0.937,0.807,0.483,0.593,0.356,0.014
342,Slovakia,Central and Eastern Europe,2021,34,6.331,1.304,1.066,0.653,0.468,0.107,0.018
343,Brazil,Latin America and Caribbean,2021,35,6.33,1.028,0.944,0.571,0.514,0.142,0.117
344,Mexico,Latin America and Caribbean,2021,36,6.317,1.126,0.83,0.634,0.585,0.092,0.089
345,Jamaica,Latin America and Caribbean,2021,37,6.309,0.891,0.932,0.599,0.618,0.099,0.035
346,Lithuania,Central and Eastern Europe,2021,38,6.255,1.35,1.065,0.612,0.476,0.056,0.073
347,Cyprus,Western Europe,2021,39,6.223,1.377,0.765,0.801,0.464,0.178,0.061
348,Estonia,Central and Eastern Europe,2021,40,6.189,1.344,1.079,0.64,0.641,0.119,0.263
349,Panama,Latin America and Caribbean,2021,41,6.18,1.298,0.976,0.667,0.596,0.079,0.053
350,Uzbekistan,Commonwealth of Independent States,2021,42,6.179,0.769,1.027,0.528,0.716,0.391,0.271
351,Chile,Latin America and Caribbean,2021,43,6.172,1.2,0.946,0.678,0.438,0.159,0.07
352,Poland,Central and Eastern Europe,2021,44,6.166,1.309,0.982,0.668,0.558,0.08,0.13
353,Kazakhstan,Commonwealth of Independent States,2021,45,6.152,1.23,1.103,0.527,0.573,0.143,0.132
354,Romania,Central and Eastern Europe,2021,46,6.14,1.275,0.832,0.595,0.564,0.045,0.001
355,Kuwait,Middle East and North Africa,2021,47,6.106,1.461,0.857,0.58,0.591,0.12,0.13
356,Serbia,Central and Eastern Europe,2021,48,6.078,1.101,0.924,0.634,0.482,0.189,0.066
357,El Salvador,Latin America and Caribbean,2021,49,6.061,0.845,0.675,0.565,0.615,0.116,0.16
358,Mauritius,Sub-Saharan Africa,2021,50,6.049,1.178,0.996,0.574,0.59,0.153,0.096
359,Latvia,Central and Eastern Europe,2021,51,6.032,1.285,1.047,0.587,0.405,0.082,0.089
360,Colombia,Latin America and Caribbean,2021,52,6.012,1.021,0.866,0.615,0.554,0.1,0.063
361,Hungary,Central and Eastern Europe,2021,53,5.992,1.301,1.083,0.615,0.454,0.067,0.04
362,Thailand,Southeast Asia,2021,54,5.985,1.107,0.957,0.596,0.611,0.375,0.028
363,Nicaragua,Latin America and Caribbean,2021,55,5.972,0.693,0.904,0.604,0.553,0.201,0.176
364,Japan,East Asia,2021,56,5.94,1.389,0.949,0.838,0.504,0.02,0.192
365,Argentina,Latin America and Caribbean,2021,57,5.929,1.162,0.98,0.646,0.544,0.069,0.067
366,Portugal,Western Europe,2021,57,5.929,1.323,0.939,0.76,0.621,0.029,0.033
367,Honduras,Latin America and Caribbean,2021,59,5.919,0.703,0.787,0.593,0.578,0.241,0.083
368,Croatia,Central and Eastern Europe,2021,60,5.882,1.251,1.039,0.703,0.453,0.111,0.0
369,Philippines,Southeast Asia,2021,61,5.88,0.853,0.828,0.426,0.651,0.125,0.126
370,South Korea,East Asia,2021,62,5.845,1.403,0.758,0.801,0.353,0.134,0.135
371,Peru,Latin America and Caribbean,2021,63,5.84,0.986,0.833,0.623,0.536,0.087,0.031
372,Bosnia and Herzegovina,Central and Eastern Europe,2021,64,5.813,1.032,0.919,0.618,0.395,0.261,0.005
373,Moldova,Commonwealth of Independent States,2021,65,5.766,0.985,0.888,0.542,0.536,0.137,0.013
374,Ecuador,Latin America and Caribbean,2021,66,5.764,0.935,0.806,0.64,0.56,0.107,0.062
375,Kyrgyzstan,Commonwealth of Independent States,2021,67,5.744,0.665,0.971,0.501,0.673,0.266,0.02
376,Greece,Western Europe,2021,68,5.723,1.273,0.811,0.76,0.243,0.0,0.074
377,Bolivia,Latin America and Caribbean,2021,69,5.716,0.842,0.782,0.486,0.6,0.138,0.064
378,Mongolia,East Asia,2021,70,5.677,0.966,1.065,0.442,0.397,0.263,0.053
379,Paraguay,Latin America and Caribbean,2021,71,5.653,0.983,0.97,0.549,0.602,0.206,0.037
380,Montenegro,Central and Eastern Europe,2021,72,5.581,1.155,0.891,0.637,0.397,0.166,0.081
381,Dominican Republic,Latin America and Caribbean,2021,73,5.545,1.106,0.879,0.555,0.581,0.101,0.144
382,North Cyprus,Western Europe,2021,74,5.536,1.377,0.806,0.801,0.503,0.196,0.2
383,Belarus,Commonwealth of Independent States,2021,75,5.534,1.124,1.007,0.56,0.326,0.07,0.199
384,Russia,Commonwealth of Independent States,2021,76,5.477,1.241,0.992,0.511,0.409,0.115,0.06
385,Hong Kong S.A.R. of China,East Asia,2021,76,5.477,1.525,0.841,0.893,0.408,0.232,0.342
386,Tajikistan,Commonwealth of Independent States,2021,78,5.466,0.508,0.895,0.498,0.548,0.152,0.247
387,Vietnam,Southeast Asia,2021,79,5.411,0.817,0.873,0.616,0.679,0.124,0.091
388,Libya,Middle East and North Africa,2021,80,5.41,1.044,0.821,0.435,0.474,0.131,0.174
389,Malaysia,Southeast Asia,2021,81,5.384,1.259,0.797,0.587,0.624,0.27,0.064
390,Indonesia,Southeast Asia,2021,82,5.345,0.954,0.786,0.433,0.598,0.541,0.046
391,Congo (Brazzaville),Sub-Saharan Africa,2021,83,5.342,0.518,0.392,0.307,0.381,0.144,0.124
392,China,East Asia,2021,84,5.339,1.061,0.785,0.665,0.636,0.093,0.117
393,Ivory Coast,Sub-Saharan Africa,2021,85,5.306,0.669,0.409,0.052,0.438,0.177,0.092
394,Armenia,Commonwealth of Independent States,2021,86,5.283,0.996,0.758,0.585,0.54,0.079,0.198
395,Nepal,South Asia,2021,87,5.269,0.519,0.702,0.496,0.488,0.287,0.135
396,Bulgaria,Central and Eastern Europe,2021,88,5.266,1.181,1.055,0.583,0.494,0.125,0.005
397,Maldives,South Asia,2021,89,5.198,1.115,1.015,0.697,0.575,0.204,0.073
398,Azerbaijan,Commonwealth of Independent States,2021,90,5.171,1.025,0.841,0.541,0.526,0.043,0.276
399,Cameroon,Sub-Saharan Africa,2021,91,5.142,0.543,0.556,0.159,0.425,0.205,0.058
400,Senegal,Sub-Saharan Africa,2021,92,5.132,0.518,0.558,0.357,0.381,0.158,0.088
401,Albania,Central and Eastern Europe,2021,93,5.117,1.008,0.529,0.646,0.491,0.168,0.024
402,North Macedonia,Central and Eastern Europe,2021,94,5.101,1.068,0.772,0.535,0.45,0.212,0.022
403,Ghana,Sub-Saharan Africa,2021,95,5.088,0.68,0.595,0.287,0.517,0.268,0.058
404,Niger,Sub-Saharan Africa,2021,96,5.074,0.162,0.402,0.167,0.516,0.2,0.157
405,Turkmenistan,Commonwealth of Independent States,2021,97,5.066,1.046,1.172,0.439,0.602,0.366,0.033
406,Gambia,Sub-Saharan Africa,2021,98,5.051,0.367,0.511,0.21,0.384,0.465,0.123
407,Benin,Sub-Saharan Africa,2021,99,5.045,0.507,0.058,0.196,0.457,0.166,0.178
408,Laos,Southeast Asia,2021,100,5.03,0.808,0.598,0.33,0.643,0.268,0.179
409,Bangladesh,South Asia,2021,101,5.025,0.635,0.52,0.514,0.603,0.161,0.164
410,Guinea,Sub-Saharan Africa,2021,102,4.984,0.42,0.399,0.206,0.384,0.25,0.111
411,South Africa,Sub-Saharan Africa,2021,103,4.956,0.967,0.895,0.265,0.447,0.144,0.051
412,Turkey,Middle East and North Africa,2021,104,4.948,1.26,0.809,0.59,0.236,0.097,0.104
413,Pakistan,South Asia,2021,105,4.934,0.637,0.423,0.322,0.418,0.252,0.097
414,Morocco,Middle East and North Africa,2021,106,4.918,0.792,0.219,0.558,0.477,0.034,0.088
415,Venezuela,Latin America and Caribbean,2021,107,4.892,0.852,0.897,0.574,0.284,0.078,0.072
416,Georgia,Commonwealth of Independent States,2021,108,4.891,1.03,0.47,0.498,0.488,0.032,0.181
417,Algeria,Middle East and North Africa,2021,109,4.887,0.946,0.765,0.552,0.119,0.144,0.12
418,Ukraine,Commonwealth of Independent States,2021,110,4.875,0.979,0.958,0.517,0.417,0.181,0.01
419,Iraq,Middle East and North Africa,2021,111,4.854,0.91,0.638,0.381,0.302,0.153,0.041
420,Gabon,Sub-Saharan Africa,2021,112,4.852,1.037,0.707,0.362,0.424,0.058,0.064
421,Burkina Faso,Sub-Saharan Africa,2021,113,4.834,0.364,0.472,0.179,0.381,0.182,0.122
422,Cambodia,Southeast Asia,2021,114,4.83,0.603,0.68,0.426,0.702,0.21,0.061
423,Mozambique,Sub-Saharan Africa,2021,115,4.794,0.183,0.634,0.196,0.608,0.228,0.163
424,Nigeria,Sub-Saharan Africa,2021,116,4.759,0.663,0.625,0.051,0.433,0.212,0.039
425,Mali,Sub-Saharan Africa,2021,117,4.723,0.387,0.59,0.11,0.384,0.164,0.072
426,Iran,Middle East and North Africa,2021,118,4.721,1.03,0.557,0.561,0.275,0.33,0.144
427,Uganda,Sub-Saharan Africa,2021,119,4.636,0.364,0.718,0.24,0.398,0.267,0.054
428,Liberia,Sub-Saharan Africa,2021,120,4.625,0.228,0.58,0.253,0.43,0.221,0.057
429,Kenya,Sub-Saharan Africa,2021,121,4.607,0.603,0.508,0.385,0.483,0.375,0.073
430,Tunisia,Middle East and North Africa,2021,122,4.596,0.919,0.515,0.59,0.334,0.057,0.044
431,Lebanon,Middle East and North Africa,2021,123,4.584,1.045,0.868,0.595,0.175,0.14,0.026
432,Namibia,Sub-Saharan Africa,2021,124,4.574,0.882,0.801,0.262,0.411,0.091,0.059
433,Palestinian Territories,Middle East and North Africa,2021,125,4.517,0.646,0.819,0.434,0.33,0.082,0.075
434,Myanmar,Southeast Asia,2021,126,4.426,0.666,0.713,0.341,0.601,0.52,0.178
435,Jordan,Middle East and North Africa,2021,127,4.395,0.89,0.685,0.583,0.455,0.079,0.15
436,Chad,Sub-Saharan Africa,2021,128,4.355,0.255,0.353,0.0,0.24,0.215,0.084
437,Sri Lanka,South Asia,2021,129,4.325,0.99,0.82,0.593,0.559,0.239,0.049
438,Swaziland,Sub-Saharan Africa,2021,130,4.308,0.849,0.693,0.074,0.323,0.067,0.147
439,Comoros,Sub-Saharan Africa,2021,131,4.289,0.488,0.367,0.279,0.202,0.241,0.101
440,Egypt,Middle East and North Africa,2021,132,4.283,0.954,0.647,0.426,0.446,0.069,0.092
441,Ethiopia,Sub-Saharan Africa,2021,133,4.275,0.37,0.679,0.331,0.451,0.241,0.114
442,Mauritania,Sub-Saharan Africa,2021,134,4.227,0.666,0.749,0.273,0.218,0.119,0.133
443,Madagascar,Sub-Saharan Africa,2021,135,4.208,0.266,0.503,0.341,0.207,0.185,0.087
444,Togo,Sub-Saharan Africa,2021,136,4.107,0.254,0.239,0.203,0.289,0.209,0.107
445,Zambia,Sub-Saharan Africa,2021,137,4.073,0.528,0.552,0.231,0.487,0.227,0.074
446,Sierra Leone,Sub-Saharan Africa,2021,138,3.849,0.279,0.377,0.1,0.408,0.243,0.047
447,India,South Asia,2021,139,3.819,0.741,0.316,0.383,0.622,0.246,0.106
448,Burundi,Sub-Saharan Africa,2021,140,3.775,0.0,0.062,0.155,0.298,0.172,0.212
449,Yemen,Middle East and North Africa,2021,141,3.658,0.329,0.831,0.272,0.268,0.092,0.089
450,Tanzania,Sub-Saharan Africa,2021,142,3.623,0.433,0.54,0.3,0.549,0.307,0.231
451,Haiti,Latin America and Caribbean,2021,143,3.615,0.294,0.173,0.227,0.257,0.463,0.139
452,Malawi,Sub-Saharan Africa,2021,144,3.6,0.113,0.168,0.298,0.484,0.213,0.134
453,Lesotho,Sub-Saharan Africa,2021,145,3.512,0.451,0.731,0.007,0.405,0.103,0.015
454,Botswana,Sub-Saharan Africa,2021,146,3.467,1.099,0.724,0.34,0.539,0.027,0.088
455,Rwanda,Sub-Saharan Africa,2021,147,3.415,0.364,0.202,0.407,0.627,0.227,0.493
456,Zimbabwe,Sub-Saharan Africa,2021,148,3.145,0.457,0.649,0.243,0.359,0.157,0.075
457,Afghanistan,South Asia,2021,149,2.523,0.37,0.0,0.126,0.0,0.122,0.01
458,Finland,Western Europe,2022,1,7.821,1.892,1.258,0.775,0.736,0.109,0.534
459,Denmark,Western Europe,2022,2,7.636,1.953,1.243,0.777,0.719,0.188,0.532
460,Iceland,Western Europe,2022,3,7.557,1.936,1.32,0.803,0.718,0.27,0.191
461,Switzerland,Western Europe,2022,4,7.512,2.026,1.226,0.822,0.677,0.147,0.461
462,Netherlands,Western Europe,2022,5,7.415,1.945,1.206,0.787,0.651,0.271,0.419
463,Luxembourg,Western Europe,2022,6,7.404,2.209,1.155,0.79,0.7,0.12,0.388
464,Sweden,Western Europe,2022,7,7.384,1.92,1.204,0.803,0.724,0.218,0.512
465,Norway,Western Europe,2022,8,7.365,1.997,1.239,0.786,0.728,0.217,0.474
466,Israel,Middle East and North Africa,2022,9,7.364,1.826,1.221,0.818,0.568,0.155,0.143
467,New Zealand,North America and ANZ,2022,10,7.2,1.852,1.235,0.752,0.68,0.245,0.483
468,Austria,Western Europe,2022,11,7.163,1.931,1.165,0.774,0.623,0.193,0.329
469,Australia,North America and ANZ,2022,12,7.162,1.9,1.203,0.772,0.676,0.258,0.341
470,Ireland,Western Europe,2022,13,7.041,2.129,1.166,0.779,0.627,0.19,0.408
471,Germany,Western Europe,2022,14,7.034,1.924,1.088,0.776,0.585,0.163,0.358
472,Canada,North America and ANZ,2022,15,7.025,1.886,1.188,0.783,0.659,0.217,0.368
473,United States,North America and ANZ,2022,16,6.977,1.982,1.182,0.628,0.574,0.22,0.177
474,United Kingdom,Western Europe,2022,17,6.943,1.867,1.143,0.75,0.597,0.289,0.329
475,Czech Republic,Central and Eastern Europe,2022,18,6.92,1.815,1.26,0.715,0.66,0.158,0.048
476,Belgium,Western Europe,2022,19,6.805,1.907,1.106,0.764,0.492,0.049,0.204
477,France,Western Europe,2022,20,6.687,1.863,1.219,0.808,0.567,0.07,0.266
478,Bahrain,Middle East and North Africa,2022,21,6.647,1.854,1.029,0.625,0.693,0.199,0.155
479,Slovenia,Central and Eastern Europe,2022,22,6.63,1.81,1.249,0.769,0.685,0.118,0.115
480,Costa Rica,Latin America and Caribbean,2022,23,6.582,1.584,1.054,0.744,0.661,0.089,0.102
481,United Arab Emirates,Middle East and North Africa,2022,24,6.576,1.998,0.98,0.633,0.702,0.204,0.25
482,Saudi Arabia,Middle East and North Africa,2022,25,6.523,1.87,1.092,0.577,0.651,0.078,0.18
483,Taiwan Province of China,East Asia,2022,26,6.512,1.897,1.095,0.733,0.542,0.075,0.168
484,Singapore,Southeast Asia,2022,27,6.48,2.149,1.127,0.851,0.672,0.163,0.587
485,Romania,Central and Eastern Europe,2022,28,6.477,1.719,1.006,0.655,0.605,0.039,0.006
486,Spain,Western Europe,2022,29,6.476,1.808,1.211,0.808,0.505,0.101,0.149
487,Uruguay,Latin America and Caribbean,2022,30,6.474,1.615,1.18,0.672,0.665,0.103,0.265
488,Italy,Western Europe,2022,31,6.467,1.834,1.052,0.801,0.412,0.085,0.059
489,Kosovo,Central and Eastern Europe,2022,32,6.455,1.362,0.949,0.569,0.599,0.309,0.035
490,Malta,Western Europe,2022,33,6.447,1.838,1.169,0.789,0.679,0.174,0.166
491,Lithuania,Central and Eastern Europe,2022,34,6.446,1.804,1.204,0.659,0.496,0.053,0.077
492,Slovakia,Central and Eastern Europe,2022,35,6.391,1.736,1.232,0.707,0.479,0.118,0.025
493,Estonia,Central and Eastern Europe,2022,36,6.341,1.793,1.232,0.728,0.689,0.123,0.333
494,Panama,Latin America and Caribbean,2022,37,6.309,1.715,1.107,0.709,0.592,0.049,0.051
495,Brazil,Latin America and Caribbean,2022,38,6.293,1.462,1.044,0.615,0.546,0.131,0.134
496,Guatemala,Latin America and Caribbean,2022,39,6.262,1.274,0.831,0.522,0.662,0.112,0.115
497,Kazakhstan,Commonwealth of Independent States,2022,40,6.234,1.668,1.22,0.611,0.584,0.134,0.157
498,Cyprus,Western Europe,2022,41,6.221,1.815,0.909,0.819,0.448,0.123,0.062
499,Latvia,Central and Eastern Europe,2022,42,6.18,1.732,1.221,0.637,0.502,0.075,0.09
500,Serbia,Central and Eastern Europe,2022,43,6.178,1.55,1.086,0.658,0.546,0.219,0.088
501,Chile,Latin America and Caribbean,2022,44,6.172,1.651,1.08,0.748,0.46,0.124,0.069
502,Nicaragua,Latin America and Caribbean,2022,45,6.165,1.105,1.029,0.617,0.617,0.168,0.212
503,Mexico,Latin America and Caribbean,2022,46,6.128,1.552,0.886,0.623,0.621,0.092,0.115
504,Croatia,Central and Eastern Europe,2022,47,6.125,1.705,1.183,0.709,0.535,0.109,0.0
505,Poland,Central and Eastern Europe,2022,48,6.123,1.758,1.174,0.712,0.523,0.124,0.14
506,El Salvador,Latin America and Caribbean,2022,49,6.12,1.265,0.768,0.607,0.666,0.089,0.212
507,Kuwait,Middle East and North Africa,2022,50,6.106,1.904,0.983,0.747,0.617,0.087,0.147
508,Hungary,Central and Eastern Europe,2022,51,6.086,1.748,1.233,0.668,0.485,0.078,0.064
509,Mauritius,Sub-Saharan Africa,2022,52,6.071,1.591,1.116,0.568,0.589,0.131,0.107
510,Uzbekistan,Commonwealth of Independent States,2022,53,6.063,1.219,1.092,0.6,0.716,0.283,0.24
511,Japan,East Asia,2022,54,6.039,1.835,1.089,0.866,0.537,0.007,0.218
512,Honduras,Latin America and Caribbean,2022,55,6.022,1.111,0.885,0.555,0.582,0.202,0.076
513,Portugal,Western Europe,2022,56,6.016,1.76,1.078,0.777,0.655,0.016,0.039
514,Argentina,Latin America and Caribbean,2022,57,5.967,1.592,1.102,0.662,0.555,0.081,0.085
515,Greece,Western Europe,2022,58,5.948,1.703,0.98,0.774,0.249,0.015,0.108
516,South Korea,East Asia,2022,59,5.935,1.851,0.886,0.841,0.414,0.111,0.176
517,Philippines,Southeast Asia,2022,60,5.904,1.268,0.912,0.514,0.678,0.107,0.142
518,Thailand,Southeast Asia,2022,61,5.891,1.535,1.096,0.697,0.617,0.321,0.026
519,Moldova,Commonwealth of Independent States,2022,62,5.857,1.417,1.008,0.597,0.561,0.102,0.028
520,Jamaica,Latin America and Caribbean,2022,63,5.85,1.296,1.045,0.646,0.567,0.08,0.053
521,Kyrgyzstan,Commonwealth of Independent States,2022,64,5.828,1.069,1.109,0.638,0.693,0.208,0.025
522,Belarus,Central and Eastern Europe,2022,65,5.821,1.562,1.157,0.629,0.342,0.04,0.282
523,Colombia,Latin America and Caribbean,2022,66,5.781,1.452,0.929,0.72,0.545,0.087,0.077
524,Bosnia and Herzegovina,Central and Eastern Europe,2022,67,5.768,1.468,1.068,0.665,0.448,0.244,0.006
525,Mongolia,East Asia,2022,68,5.761,1.393,1.197,0.467,0.398,0.247,0.059
526,Dominican Republic,Latin America and Caribbean,2022,69,5.737,1.538,1.003,0.577,0.606,0.084,0.179
527,Malaysia,Southeast Asia,2022,70,5.711,1.689,0.938,0.62,0.654,0.213,0.126
528,Bolivia,Latin America and Caribbean,2022,71,5.6,1.256,0.88,0.555,0.627,0.112,0.064
529,China,East Asia,2022,72,5.585,1.508,0.958,0.705,0.656,0.099,0.142
530,Paraguay,Latin America and Caribbean,2022,73,5.578,1.409,1.13,0.624,0.629,0.171,0.059
531,Peru,Latin America and Caribbean,2022,74,5.559,1.397,0.865,0.735,0.545,0.09,0.037
532,Montenegro,Central and Eastern Europe,2022,75,5.547,1.573,1.023,0.659,0.46,0.135,0.077
533,Ecuador,Latin America and Caribbean,2022,76,5.533,1.352,0.879,0.708,0.565,0.08,0.083
534,Vietnam,Southeast Asia,2022,77,5.485,1.252,0.932,0.611,0.707,0.143,0.105
535,Turkmenistan,Commonwealth of Independent States,2022,78,5.474,1.484,1.319,0.516,0.649,0.314,0.032
536,North Cyprus,Middle East and North Africa,2022,79,5.467,1.815,0.888,0.819,0.523,0.13,0.213
537,Russia,Commonwealth of Independent States,2022,80,5.459,1.685,1.095,0.586,0.401,0.117,0.08
538,Hong Kong S.A.R. of China,East Asia,2022,81,5.425,1.957,0.954,0.942,0.4,0.147,0.383
539,Armenia,Commonwealth of Independent States,2022,82,5.399,1.434,0.82,0.668,0.558,0.054,0.21
540,Tajikistan,Commonwealth of Independent States,2022,83,5.377,0.966,1.005,0.518,0.572,0.118,0.304
541,Nepal,South Asia,2022,84,5.377,0.984,0.784,0.499,0.519,0.237,0.13
542,Bulgaria,Central and Eastern Europe,2022,85,5.371,1.625,1.163,0.64,0.563,0.123,0.021
543,Libya,Middle East and North Africa,2022,86,5.33,1.476,0.943,0.606,0.477,0.106,0.179
544,Indonesia,Southeast Asia,2022,87,5.24,1.382,0.883,0.539,0.62,0.468,0.047
545,Ivory Coast,Sub-Saharan Africa,2022,88,5.235,1.094,0.442,0.322,0.451,0.149,0.124
546,North Macedonia,Central and Eastern Europe,2022,89,5.199,1.505,0.863,0.637,0.488,0.215,0.031
547,Albania,Central and Eastern Europe,2022,90,5.199,1.439,0.646,0.719,0.511,0.138,0.028
548,South Africa,Sub-Saharan Africa,2022,91,5.194,1.425,1.088,0.361,0.442,0.089,0.046
549,Azerbaijan,Commonwealth of Independent States,2022,92,5.173,1.458,1.093,0.56,0.601,0.023,0.341
550,Gambia,Sub-Saharan Africa,2022,93,5.164,0.785,0.621,0.369,0.367,0.388,0.103
551,Bangladesh,South Asia,2022,94,5.155,1.06,0.614,0.581,0.622,0.125,0.187
552,Laos,Southeast Asia,2022,95,5.14,1.239,0.654,0.479,0.679,0.197,0.184
553,Algeria,Middle East and North Africa,2022,96,5.122,1.363,0.97,0.643,0.146,0.106,0.15
554,Liberia,Sub-Saharan Africa,2022,97,5.122,0.636,0.67,0.309,0.405,0.178,0.08
555,Ukraine,Commonwealth of Independent States,2022,98,5.084,1.411,1.081,0.583,0.473,0.188,0.017
556,Congo,Sub-Saharan Africa,2022,99,5.075,0.95,0.405,0.355,0.431,0.13,0.146
557,Morocco,Middle East and North Africa,2022,100,5.06,1.208,0.268,0.565,0.492,0.02,0.102
558,Mozambique,Sub-Saharan Africa,2022,101,5.048,0.578,0.66,0.191,0.593,0.185,0.2
559,Cameroon,Sub-Saharan Africa,2022,102,5.048,0.968,0.672,0.317,0.397,0.152,0.074
560,Senegal,Sub-Saharan Africa,2022,103,5.046,0.933,0.53,0.447,0.494,0.143,0.081
561,Niger,Sub-Saharan Africa,2022,104,5.003,0.57,0.56,0.326,0.571,0.165,0.145
562,Georgia,Commonwealth of Independent States,2022,105,4.973,1.467,0.612,0.595,0.508,0.0,0.208
563,Gabon,Sub-Saharan Africa,2022,106,4.958,1.459,0.738,0.396,0.343,0.032,0.099
564,Iraq,Middle East and North Africa,2022,107,4.941,1.289,0.682,0.554,0.328,0.147,0.046
565,Venezuela,Latin America and Caribbean,2022,108,4.925,0.0,0.968,0.578,0.283,0.225,0.082
566,Guinea,Sub-Saharan Africa,2022,109,4.891,0.848,0.566,0.275,0.334,0.214,0.116
567,Iran,Middle East and North Africa,2022,110,4.888,1.41,0.741,0.642,0.281,0.241,0.146
568,Ghana,Sub-Saharan Africa,2022,111,4.872,1.112,0.595,0.409,0.5,0.23,0.056
569,Turkey,Middle East and North Africa,2022,112,4.744,1.707,0.865,0.702,0.209,0.087,0.115
570,Burkina Faso,Sub-Saharan Africa,2022,113,4.67,0.779,0.565,0.32,0.382,0.186,0.126
571,Cambodia,Southeast Asia,2022,114,4.64,1.019,0.732,0.505,0.74,0.166,0.068
572,Benin,Sub-Saharan Africa,2022,115,4.623,0.932,0.064,0.335,0.479,0.127,0.23
573,Comoros,Sub-Saharan Africa,2022,116,4.609,0.899,0.476,0.424,0.185,0.195,0.125
574,Uganda,Sub-Saharan Africa,2022,117,4.603,0.777,0.875,0.418,0.402,0.222,0.066
575,Nigeria,Sub-Saharan Africa,2022,118,4.552,1.079,0.732,0.3,0.444,0.175,0.038
576,Kenya,Sub-Saharan Africa,2022,119,4.543,1.032,0.605,0.401,0.44,0.322,0.082
577,Tunisia,Middle East and North Africa,2022,120,4.516,1.35,0.596,0.656,0.316,0.029,0.029
578,Pakistan,South Asia,2022,121,4.516,1.049,0.413,0.374,0.448,0.181,0.112
579,Palestinian Territories,Middle East and North Africa,2022,122,4.483,1.148,0.957,0.521,0.336,0.073,0.079
580,Mali,Sub-Saharan Africa,2022,123,4.479,0.792,0.483,0.311,0.35,0.128,0.042
581,Namibia,Sub-Saharan Africa,2022,124,4.459,1.292,0.877,0.354,0.384,0.067,0.071
582,Swaziland,Sub-Saharan Africa,2022,125,4.396,1.274,0.786,0.197,0.259,0.038,0.154
583,Myanmar,Southeast Asia,2022,126,4.394,1.038,0.829,0.491,0.513,0.452,0.194
584,Sri Lanka,South Asia,2022,127,4.362,1.415,0.934,0.66,0.529,0.15,0.079
585,Madagascar,Sub-Saharan Africa,2022,128,4.339,0.67,0.645,0.378,0.202,0.143,0.154
586,Egypt,Middle East and North Africa,2022,129,4.288,1.388,0.732,0.548,0.469,0.041,0.254
587,Chad,Sub-Saharan Africa,2022,130,4.251,0.662,0.506,0.225,0.18,0.182,0.077
588,Ethiopia,Sub-Saharan Africa,2022,131,4.241,0.788,0.809,0.457,0.472,0.205,0.136
589,Yemen,Middle East and North Africa,2022,132,4.197,0.691,1.043,0.384,0.33,0.09,0.098
590,Mauritania,Sub-Saharan Africa,2022,133,4.153,1.1,0.865,0.45,0.304,0.088,0.138
591,Jordan,Middle East and North Africa,2022,134,4.152,1.324,0.724,0.675,0.476,0.058,0.2
592,Togo,Sub-Saharan Africa,2022,135,4.112,0.771,0.322,0.36,0.292,0.174,0.132
593,India,South Asia,2022,136,3.777,1.167,0.376,0.471,0.647,0.198,0.123
594,Zambia,Sub-Saharan Africa,2022,137,3.76,0.93,0.577,0.306,0.525,0.203,0.083
595,Malawi,Sub-Saharan Africa,2022,138,3.75,0.648,0.279,0.388,0.477,0.14,0.157
596,Tanzania,Sub-Saharan Africa,2022,139,3.702,0.848,0.597,0.425,0.578,0.248,0.27
597,Sierra Leone,Sub-Saharan Africa,2022,140,3.574,0.686,0.416,0.273,0.387,0.202,0.055
598,Lesotho,Sub-Saharan Africa,2022,141,3.512,0.839,0.848,0.0,0.419,0.076,0.018
599,Botswana,Sub-Saharan Africa,2022,142,3.471,1.503,0.815,0.28,0.571,0.012,0.102
600,Rwanda,Sub-Saharan Africa,2022,143,3.268,0.785,0.133,0.462,0.621,0.187,0.544
601,Zimbabwe,Sub-Saharan Africa,2022,144,2.995,0.947,0.69,0.27,0.329,0.106,0.105
602,Lebanon,Middle East and North Africa,2022,145,2.955,1.392,0.498,0.631,0.103,0.082,0.034
603,Afghanistan,South Asia,2022,146,2.404,0.758,0.0,0.289,0.0,0.089,0.005
604,Finland,Western Europe,2023,1,7.804,1.888,1.585,0.535,0.772,0.126,0.535
605,Denmark,Western Europe,2023,2,7.586,1.949,1.548,0.537,0.734,0.208,0.525
606,Iceland,Western Europe,2023,3,7.53,1.926,1.62,0.559,0.738,0.25,0.187
607,Israel,Middle East and North Africa,2023,4,7.473,1.833,1.521,0.577,0.569,0.124,0.158
608,Netherlands,Western Europe,2023,5,7.403,1.942,1.488,0.545,0.672,0.251,0.394
609,Sweden,Western Europe,2023,6,7.395,1.921,1.51,0.562,0.754,0.225,0.52
610,Norway,Western Europe,2023,7,7.315,1.994,1.521,0.544,0.752,0.212,0.463
611,Switzerland,Western Europe,2023,8,7.24,2.022,1.463,0.582,0.678,0.151,0.475
612,Luxembourg,Western Europe,2023,9,7.228,2.2,1.357,0.549,0.71,0.149,0.418
613,New Zealand,North America and ANZ,2023,10,7.123,1.842,1.544,0.513,0.672,0.23,0.471
614,Austria,Western Europe,2023,11,7.097,1.927,1.382,0.535,0.63,0.191,0.31
615,Australia,North America and ANZ,2023,12,7.095,1.899,1.497,0.532,0.677,0.242,0.31
616,Canada,North America and ANZ,2023,13,6.961,1.881,1.484,0.541,0.656,0.218,0.364
617,Ireland,Western Europe,2023,14,6.911,2.152,1.425,0.539,0.656,0.186,0.409
618,United States,North America and ANZ,2023,15,6.894,1.98,1.46,0.39,0.557,0.21,0.172
619,Germany,Western Europe,2023,16,6.892,1.919,1.401,0.539,0.618,0.153,0.365
620,Belgium,Western Europe,2023,17,6.859,1.907,1.449,0.528,0.59,0.137,0.273
621,Czech Republic,Central and Eastern Europe,2023,18,6.845,1.823,1.544,0.477,0.693,0.158,0.05
622,United Kingdom,Western Europe,2023,19,6.796,1.857,1.366,0.511,0.626,0.272,0.34
623,Lithuania,Central and Eastern Europe,2023,20,6.763,1.808,1.511,0.432,0.487,0.059,0.089
624,France,Western Europe,2023,21,6.661,1.856,1.433,0.566,0.582,0.083,0.27
625,Slovenia,Central and Eastern Europe,2023,22,6.65,1.815,1.539,0.532,0.707,0.144,0.113
626,Costa Rica,Latin America and Caribbean,2023,23,6.609,1.587,1.34,0.503,0.683,0.099,0.116
627,Romania,Central and Eastern Europe,2023,24,6.589,1.726,1.28,0.423,0.631,0.044,0.0
628,Singapore,Southeast Asia,2023,25,6.587,2.168,1.354,0.607,0.66,0.17,0.561
629,United Arab Emirates,Middle East and North Africa,2023,26,6.571,2.015,1.223,0.401,0.745,0.188,0.247
630,Taiwan Province of China,East Asia,2023,27,6.535,1.89,1.372,0.492,0.562,0.067,0.178
631,Uruguay,Latin America and Caribbean,2023,28,6.494,1.617,1.445,0.435,0.683,0.102,0.254
632,Slovakia,Central and Eastern Europe,2023,29,6.469,1.731,1.544,0.472,0.494,0.128,0.022
633,Saudi Arabia,Middle East and North Africa,2023,30,6.463,1.861,1.37,0.351,0.682,0.093,0.17
634,Estonia,Central and Eastern Europe,2023,31,6.455,1.798,1.526,0.494,0.728,0.153,0.372
635,Spain,Western Europe,2023,32,6.436,1.798,1.491,0.567,0.533,0.101,0.157
636,Italy,Western Europe,2023,33,6.405,1.832,1.365,0.559,0.438,0.097,0.063
637,Kosovo,Central and Eastern Europe,2023,34,6.368,1.374,1.269,0.372,0.639,0.275,0.045
638,Chile,Latin America and Caribbean,2023,35,6.334,1.645,1.384,0.511,0.546,0.131,0.076
639,Mexico,Latin America and Caribbean,2023,36,6.33,1.55,1.169,0.389,0.632,0.086,0.115
640,Malta,Western Europe,2023,37,6.3,1.841,1.468,0.547,0.671,0.2,0.143
641,Panama,Latin America and Caribbean,2023,38,6.265,1.714,1.402,0.475,0.63,0.065,0.036
642,Poland,Central and Eastern Europe,2023,39,6.26,1.767,1.474,0.477,0.511,0.12,0.139
643,Nicaragua,Latin America and Caribbean,2023,40,6.259,1.109,1.292,0.385,0.66,0.148,0.218
644,Latvia,Central and Eastern Europe,2023,41,6.213,1.737,1.505,0.405,0.58,0.107,0.071
645,Bahrain,Middle East and North Africa,2023,42,6.173,1.883,1.269,0.389,0.748,0.199,0.138
646,Guatemala,Latin America and Caribbean,2023,43,6.15,1.287,1.188,0.31,0.631,0.106,0.066
647,Kazakhstan,Commonwealth of Independent States,2023,44,6.144,1.664,1.491,0.389,0.628,0.136,0.149
648,Serbia,Central and Eastern Europe,2023,44,6.144,1.552,1.343,0.424,0.617,0.246,0.081
649,Cyprus,Western Europe,2023,46,6.13,1.824,1.224,0.58,0.455,0.104,0.05
650,Japan,East Asia,2023,47,6.129,1.825,1.396,0.622,0.556,0.009,0.207
651,Croatia,Central and Eastern Europe,2023,48,6.125,1.727,1.455,0.475,0.5,0.087,0.003
652,Brazil,Latin America and Caribbean,2023,48,6.125,1.454,1.25,0.387,0.558,0.131,0.137
653,El Salvador,Latin America and Caribbean,2023,50,6.122,1.278,1.044,0.383,0.713,0.079,0.222
654,Hungary,Central and Eastern Europe,2023,51,6.041,1.754,1.519,0.435,0.501,0.105,0.065
655,Argentina,Latin America and Caribbean,2023,52,6.024,1.59,1.388,0.427,0.587,0.088,0.082
656,Honduras,Latin America and Caribbean,2023,53,6.023,1.115,1.072,0.341,0.613,0.189,0.062
657,Uzbekistan,Commonwealth of Independent States,2023,54,6.014,1.227,1.347,0.375,0.74,0.26,0.208
658,Malaysia,Southeast Asia,2023,55,6.012,1.665,1.155,0.385,0.659,0.222,0.122
659,Portugal,Western Europe,2023,56,5.968,1.758,1.356,0.537,0.693,0.031,0.037
660,South Korea,East Asia,2023,57,5.951,1.853,1.188,0.603,0.446,0.112,0.163
661,Greece,Western Europe,2023,58,5.931,1.708,1.247,0.535,0.248,0.008,0.097
662,Mauritius,Sub-Saharan Africa,2023,59,5.902,1.589,1.382,0.336,0.574,0.121,0.11
663,Thailand,Southeast Asia,2023,60,5.843,1.515,1.344,0.461,0.624,0.291,0.013
664,Mongolia,East Asia,2023,61,5.84,1.379,1.494,0.244,0.425,0.239,0.058
665,Kyrgyzstan,Commonwealth of Independent States,2023,62,5.825,1.061,1.439,0.417,0.735,0.234,0.018
666,Moldova,Commonwealth of Independent States,2023,63,5.819,1.425,1.302,0.375,0.61,0.093,0.02
667,China,East Asia,2023,64,5.818,1.51,1.249,0.468,0.666,0.115,0.145
668,Vietnam,Southeast Asia,2023,65,5.763,1.349,1.212,0.381,0.741,0.134,0.122
669,Paraguay,Latin America and Caribbean,2023,66,5.738,1.428,1.427,0.392,0.678,0.148,0.062
670,Montenegro,Central and Eastern Europe,2023,67,5.722,1.537,1.385,0.424,0.563,0.17,0.061
671,Jamaica,Latin America and Caribbean,2023,68,5.703,1.305,1.329,0.411,0.587,0.079,0.039
672,Bolivia,Latin America and Caribbean,2023,69,5.684,1.24,1.187,0.329,0.648,0.103,0.06
673,Russia,Commonwealth of Independent States,2023,70,5.661,1.68,1.383,0.366,0.449,0.12,0.091
674,Bosnia and Herzegovina,Central and Eastern Europe,2023,71,5.633,1.467,1.361,0.429,0.485,0.247,0.008
675,Colombia,Latin America and Caribbean,2023,72,5.63,1.455,1.213,0.486,0.562,0.08,0.068
676,Dominican Republic,Latin America and Caribbean,2023,73,5.569,1.536,1.227,0.351,0.623,0.083,0.195
677,Ecuador,Latin America and Caribbean,2023,74,5.559,1.343,1.173,0.476,0.56,0.079,0.069
678,Peru,Latin America and Caribbean,2023,75,5.526,1.39,1.153,0.499,0.549,0.073,0.027
679,Philippines,Southeast Asia,2023,76,5.523,1.238,1.108,0.286,0.714,0.104,0.141
680,Bulgaria,Central and Eastern Europe,2023,77,5.466,1.635,1.457,0.408,0.557,0.106,0.013
681,Nepal,South Asia,2023,78,5.36,0.979,1.027,0.281,0.567,0.215,0.104
682,Armenia,Commonwealth of Independent States,2023,79,5.342,1.466,1.134,0.443,0.551,0.053,0.16
683,Tajikistan,Commonwealth of Independent States,2023,80,5.33,0.972,1.248,0.291,0.599,0.104,0.292
684,Algeria,Middle East and North Africa,2023,81,5.329,1.353,1.298,0.409,0.252,0.073,0.152
685,Hong Kong S.A.R. of China,East Asia,2023,82,5.308,1.951,1.201,0.702,0.407,0.123,0.39
686,Albania,Central and Eastern Europe,2023,83,5.277,1.449,0.951,0.48,0.549,0.133,0.037
687,Indonesia,Southeast Asia,2023,83,5.277,1.384,1.169,0.314,0.663,0.422,0.038
688,South Africa,Sub-Saharan Africa,2023,85,5.275,1.417,1.428,0.149,0.464,0.09,0.019
689,Congo (Brazzaville),Sub-Saharan Africa,2023,86,5.267,0.921,0.665,0.145,0.464,0.134,0.136
690,North Macedonia,Central and Eastern Europe,2023,87,5.254,1.498,1.171,0.408,0.515,0.207,0.02
691,Venezuela,Latin America and Caribbean,2023,88,5.211,0.0,1.257,0.341,0.369,0.205,0.084
692,Laos,Southeast Asia,2023,89,5.111,1.232,0.853,0.257,0.715,0.185,0.162
693,Georgia,Commonwealth of Independent States,2023,90,5.109,1.477,0.947,0.366,0.539,0.0,0.201
694,Guinea,Sub-Saharan Africa,2023,91,5.072,0.844,0.776,0.072,0.369,0.204,0.102
695,Ukraine,Commonwealth of Independent States,2023,92,5.071,1.358,1.354,0.355,0.551,0.265,0.016
696,Ivory Coast,Sub-Saharan Africa,2023,93,5.053,1.094,0.584,0.12,0.467,0.138,0.131
697,Gabon,Sub-Saharan Africa,2023,94,5.035,1.438,1.021,0.183,0.346,0.036,0.102
698,Nigeria,Sub-Saharan Africa,2023,95,4.981,1.065,1.007,0.092,0.448,0.176,0.013
699,Cameroon,Sub-Saharan Africa,2023,96,4.973,0.965,0.871,0.118,0.405,0.144,0.059
700,Mozambique,Sub-Saharan Africa,2023,97,4.954,0.57,0.885,0.0,0.625,0.161,0.192
701,Iraq,Middle East and North Africa,2023,98,4.941,1.281,0.953,0.324,0.351,0.134,0.038
702,Palestinian Territories,Middle East and North Africa,2023,99,4.908,1.144,1.309,,0.416,0.065,0.067
703,Morocco,Middle East and North Africa,2023,100,4.903,1.236,0.535,0.337,0.54,0.013,0.085
704,Iran,Middle East and North Africa,2023,101,4.876,1.465,1.102,0.411,0.281,0.229,0.13
705,Senegal,Sub-Saharan Africa,2023,102,4.855,0.943,0.727,0.231,0.519,0.142,0.06
706,Mauritania,Sub-Saharan Africa,2023,103,4.724,1.099,0.764,0.244,0.32,0.13,0.195
707,Burkina Faso,Sub-Saharan Africa,2023,104,4.638,0.768,0.814,0.107,0.419,0.188,0.113
708,Namibia,Sub-Saharan Africa,2023,105,4.631,1.289,1.126,0.145,0.383,0.069,0.071
709,Turkey,Middle East and North Africa,2023,106,4.614,1.714,1.148,0.467,0.125,0.095,0.096
710,Ghana,Sub-Saharan Africa,2023,107,4.605,1.101,0.756,0.197,0.526,0.211,0.035
711,Pakistan,South Asia,2023,108,4.555,1.081,0.657,0.158,0.511,0.141,0.102
712,Niger,Sub-Saharan Africa,2023,109,4.501,0.561,0.628,0.137,0.54,0.154,0.14
713,Tunisia,Middle East and North Africa,2023,110,4.497,1.333,0.981,0.422,0.259,0.022,0.016
714,Kenya,Sub-Saharan Africa,2023,111,4.487,1.051,0.881,0.19,0.418,0.291,0.055
715,Sri Lanka,South Asia,2023,112,4.442,1.422,1.224,0.426,0.539,0.12,0.086
716,Uganda,Sub-Saharan Africa,2023,113,4.432,0.785,1.144,0.201,0.425,0.197,0.051
717,Chad,Sub-Saharan Africa,2023,114,4.397,0.622,0.962,0.043,0.393,0.255,0.088
718,Cambodia,Southeast Asia,2023,115,4.393,1.025,1.024,0.283,0.768,0.176,0.051
719,Benin,Sub-Saharan Africa,2023,116,4.374,0.924,0.242,0.124,0.481,0.114,0.253
720,Myanmar,Southeast Asia,2023,117,4.372,1.032,1.125,0.269,0.46,0.4,0.194
721,Bangladesh,South Asia,2023,118,4.282,1.133,0.513,0.355,0.617,0.139,0.165
722,Gambia,Sub-Saharan Africa,2023,119,4.279,0.761,0.614,0.174,0.286,0.332,0.033
723,Mali,Sub-Saharan Africa,2023,120,4.198,0.763,0.637,0.106,0.441,0.121,0.059
724,Egypt,Middle East and North Africa,2023,121,4.17,1.377,0.972,0.326,0.467,0.038,0.25
725,Togo,Sub-Saharan Africa,2023,122,4.137,0.77,0.642,0.161,0.367,0.149,0.136
726,Jordan,Middle East and North Africa,2023,123,4.12,1.292,0.98,0.438,0.517,0.056,0.173
727,Ethiopia,Sub-Saharan Africa,2023,124,4.091,0.793,1.114,0.25,0.451,0.283,0.101
728,Liberia,Sub-Saharan Africa,2023,125,4.042,0.628,0.644,0.141,0.471,0.219,0.071
729,India,South Asia,2023,126,4.036,1.159,0.674,0.252,0.685,0.175,0.111
730,Madagascar,Sub-Saharan Africa,2023,127,4.019,0.632,0.779,0.178,0.187,0.177,0.134
731,Zambia,Sub-Saharan Africa,2023,128,3.982,0.914,0.89,0.095,0.545,0.189,0.08
732,Tanzania,Sub-Saharan Africa,2023,129,3.694,0.836,0.787,0.214,0.607,0.234,0.269
733,Comoros,Sub-Saharan Africa,2023,130,3.545,0.914,0.327,0.215,0.117,0.129,0.145
734,Malawi,Sub-Saharan Africa,2023,131,3.495,0.637,0.479,0.189,0.49,0.139,0.129
735,Botswana,Sub-Saharan Africa,2023,132,3.435,1.471,1.041,0.087,0.48,0.021,0.071
736,Congo (Kinshasa),Sub-Saharan Africa,2023,133,3.207,0.531,0.784,0.105,0.375,0.183,0.068
737,Zimbabwe,Sub-Saharan Africa,2023,134,3.204,0.758,0.881,0.069,0.363,0.112,0.117
738,Sierra Leone,Sub-Saharan Africa,2023,135,3.138,0.67,0.54,0.092,0.371,0.193,0.051
739,Lebanon,Middle East and North Africa,2023,136,2.392,1.417,0.476,0.398,0.123,0.061,0.027
740,Afghanistan,South Asia,2023,137,1.859,0.645,0.0,0.087,0.0,0.093,0.059
